<?xml version="1.0" encoding="utf-8"?>
<extension type="plugin" version="3.9" group="system" method="upgrade">
	<name>varnishCache</name>
	<creationDate>01/09/2019</creationDate>
	<author>Ergonet srl</author>
	<authorEmail>info@ergonet.it</authorEmail>
	<authorUrl>https://www.ergonet.it</authorUrl>
	<copyright>A copyright</copyright>
	<license>GNU General Public License version 2 or later; see LICENSE.txt</license>
	<version>1.0</version>
	<description>PLG_JOOMLA_XML_DESCRIPTION</description>

	<!-- Scripts to run on installation -->
	<scriptfile></scriptfile>

	<!-- Language files -->
	<languages folder="language">
		<language tag="en-GB">en-GB/en-GB.plg_system_Joomla.ini</language>
		<language tag="en-GB">en-GB/en-GB.plg_system_Joomla.sys.ini</language>
	</languages>

	<!-- Plugin files -->
	<files>
		<filename plugin="varnishCache">varnishCache.php</filename>
		<filename>index.html</filename>
		<folder>language</folder>
	</files>

	<!-- Update servers -->
	<updateservers>
		<server type="extension" priority="1" name="Joomla">https://www.example.com/plg_Joomla.xml</server>
	</updateservers>
</extension>
